{"labels_3d": [2, 2, 2, 2, 2, 2, 0, 2, 1, 0, 1, 0, 2, 2, 1, 0, 2, 0, 0, 0], "scores_3d": [1303.773681640625, 488.02349853515625, 367.18487548828125, 93.2381362915039, 42.83372497558594, 41.143890380859375, 26.171987533569336, 21.48737144470215, 15.84505844116211, 14.605712890625, 13.839934349060059, 12.459428787231445, 9.63570499420166, 8.770103454589844, 8.553243637084961, 6.612566947937012, 6.532226085662842, 6.351597785949707, 5.916014194488525, 5.808346271514893], "bboxes_3d": [[-1.2550584077835083, 1.6765336990356445, 8.323076248168945, 3.765425443649292, 1.576472520828247, 1.5875340700149536, 1.828482747077942], [8.519030570983887, 1.7063016891479492, 20.11343002319336, 3.662407636642456, 1.5717557668685913, 1.6303125619888306, 5.03126859664917], [0.998733639717102, 1.6089982986450195, 14.755081176757812, 3.74552321434021, 1.5389149188995361, 1.6046364307403564, 5.025570869445801], [6.6066718101501465, 1.4175682067871094, 30.975284576416016, 4.106348514556885, 1.5731873512268066, 1.6796503067016602, 1.8749337196350098], [3.661638021469116, 1.6648136377334595, 5.881799697875977, 3.067542314529419, 1.4037666320800781, 1.4793860912322998, 4.952937126159668], [-2.690502643585205, 1.5898075103759766, 3.4677581787109375, 3.8370256423950195, 1.5090031623840332, 1.6102365255355835, 4.464613914489746], [-1.2550584077835083, 1.6765336990356445, 8.323076248168945, 3.765425443649292, 1.576472520828247, 1.5875340700149536, 1.828482747077942], [17.996427536010742, 1.494592308998108, 49.30400085449219, 3.9624319076538086, 1.514693260192871, 1.567332148551941, 1.8675299882888794], [8.519030570983887, 1.7063016891479492, 20.11343002319336, 3.662407636642456, 1.5717557668685913, 1.6303125619888306, 5.03126859664917], [0.998733639717102, 1.6089982986450195, 14.755081176757812, 3.74552321434021, 1.5389149188995361, 1.6046364307403564, 5.025570869445801], [-1.2550584077835083, 1.6765336990356445, 8.323076248168945, 3.765425443649292, 1.576472520828247, 1.5875340700149536, 1.828482747077942], [8.519030570983887, 1.7063016891479492, 20.11343002319336, 3.662407636642456, 1.5717557668685913, 1.6303125619888306, 5.03126859664917], [10.206958770751953, 1.5981459617614746, 42.15205001831055, 4.025725841522217, 1.5651273727416992, 1.5989793539047241, 5.033490180969238], [17.505945205688477, 0.9876172542572021, 61.30195617675781, 3.848979949951172, 1.5177663564682007, 1.642600417137146, 1.9599910974502563], [0.998733639717102, 1.6089982986450195, 14.755081176757812, 3.74552321434021, 1.5389149188995361, 1.6046364307403564, 5.025570869445801], [2.979851245880127, 2.994194984436035, 9.560261726379395, 0.6669200658798218, 1.731896162033081, 0.46235159039497375, 1.6727268695831299], [0.5542037487030029, 3.273008108139038, 11.04304313659668, 3.3029558658599854, 1.5024279356002808, 1.285057544708252, 1.2004748582839966], [1.8254151344299316, 3.001836061477661, 9.562129020690918, 0.6640981435775757, 1.7244430780410767, 0.464392751455307, 1.5127487182617188], [2.3994905948638916, 2.983755350112915, 9.503437042236328, 0.6746597290039062, 1.730018138885498, 0.4615776538848877, 1.6557990312576294], [1.9912025928497314, 3.081108570098877, 10.148493766784668, 0.6935083270072937, 1.627127766609192, 0.4672418534755707, 1.7830203771591187]], "box_type_3d": "Camera"}